{
    "fun": "grezzo",
    "args": [
        20
    ],
    "n_threads": 8,
    "seq_iter": 2,
    "iter": 5,
    "mean": 1.8285937602002378,
    "variance": 0.005729850533633386
}