{
    "fun": "grezzo",
    "args": [
        20
    ],
    "n_threads": 2,
    "seq_iter": 8,
    "iter": 5,
    "mean": 1.7436873992002802,
    "variance": 0.011601329490264278
}