{
    "fun": "grezzo",
    "args": [
        20
    ],
    "n_threads": 1,
    "seq_iter": 16,
    "iter": 5,
    "mean": 1.8791261024005508,
    "variance": 0.062021533569305294
}