{
    "fun": "just_wait",
    "args": [
        5
    ],
    "n_threads": 1,
    "seq_iter": 16,
    "iter": 5,
    "mean": 8.004774787000134,
    "variance": 1.0966100024696127e-06
}