{
    "fun": "just_wait",
    "args": [
        5
    ],
    "n_threads": 8,
    "seq_iter": 2,
    "iter": 5,
    "mean": 1.0037476148001587,
    "variance": 1.066508000596556e-07
}